cluster_id,size,avg_distance,max_distance,density
0,9,0.02511746013801637,0.057078811928084616,39.81294265045758
1,17,0.06421688673047535,0.2944094407892112,15.57222797481758
2,5,0.02614577196162639,0.050055322130040644,38.24710172901681
3,25,0.06770137238071093,0.20308298989535054,14.77074931918092
4,5,0.010489663358891255,0.017979231122079872,95.33194400870637
5,9,0.014292505886862079,0.029848382623081843,69.96673696802304
6,13,0.01891674006757748,0.04536781592950498,52.86323100215132
7,11,0.05682631645238982,0.11894482374629232,17.5974805764125
8,20,0.06280629651911442,0.14851557848225982,15.921970493765077
9,5,0.13924876928021426,0.2299062494761766,7.18139201638236
10,6,0.07809234386782417,0.2001060489807741,12.805352618081974
11,28,0.043121299298044743,0.1351273420799205,23.19039584332152
12,18,0.06464231556735905,0.1690415681495928,15.46974286460968
13,5,0.11977525550273571,0.20046041538354217,8.348969875310845
14,6,0.03989582866645238,0.09070584410548974,25.065277083488187
15,18,0.2644123749657946,0.5913606142019441,3.781971248998326
16,5,0.11397305222051782,0.1816063359286442,8.774003858957606
17,27,0.2110892006531858,0.5035806272947965,4.737333775984943
18,10,0.07697255562798655,0.18772571076804986,12.991643473981377
19,5,0.0518048608769864,0.08014228817295004,19.303207905037272
20,16,0.1441684467815977,0.3967855150070061,6.936330537811165
21,8,0.1412681458931632,0.24877274207387698,7.078736637177001
22,5,0.13699797915140893,0.21840228587426888,7.29937774406737
23,19,0.045291759781606176,0.12356444989169058,22.079071443060126
24,10,0.14306029257897407,0.28649194838777164,6.990059799073642
25,24,0.11572886649758571,0.3182823053850442,8.64088649845077
26,6,0.07365993413554327,0.15543589239713354,13.57590135988824
27,8,0.07600158001893145,0.13609526746040018,13.157621193545017
28,5,0.14032328879341927,0.251743859343083,7.126400817701594
29,6,0.029476672916485803,0.05122780343367885,33.92513133463977
30,22,0.10595512990572177,0.2510598709048981,9.437957377710678
31,9,0.12124662784306198,0.2527541847950085,8.247652060842222
32,10,0.1412372330774355,0.30236550169769666,7.080285971417569
33,8,0.11004570603732833,0.2096307310130488,9.087133301328382
34,7,0.02607281085873589,0.04829536530745453,38.35413087672296
35,21,0.0882927916080184,0.19707412421494652,11.325952909491923
36,19,0.09963404438702211,0.2107863356487328,10.036729976709202
37,18,0.07893683692371915,0.2332218051428595,12.66835661234251
38,9,0.0677514612842644,0.14999227719767466,14.759829250092569
39,14,0.046541679845077254,0.09901367419233152,21.48611746135267
40,14,0.033921262963762557,0.0741237395209014,29.480034427617895
41,5,0.0714933801580856,0.1360025554685891,13.987309003837948
42,12,0.1634151902739934,0.34508155373971294,6.119382159781656
43,5,0.05676821563591337,0.12164181002599678,17.615491147609163
44,9,0.10719968437354069,0.23541912985060112,9.328385674303558
45,6,0.10937810205837335,0.192611680339842,9.142597843454222
46,8,0.0757383373182761,0.13820702161983703,13.203352957138316
47,14,0.08975569885030059,0.1892870254610329,11.14135383946878
48,7,0.06477694429829244,0.12512130244863162,15.437591427515988
49,5,0.09486508607230601,0.12766630655829314,10.541285960967786
50,12,0.09898058227007486,0.28483317518904705,10.102991688525695
51,8,0.08387771401851705,0.17158076986686716,11.922117951131066
52,5,0.08715383226448069,0.13798866182469924,11.473964758834217
53,5,0.06452291798978968,0.09314338784746808,15.498369124568162
54,11,0.03792215595965282,0.08366872182264742,26.369808748847174
55,18,0.04538832876273111,0.08357239883910075,22.032095634706685
56,7,0.09924989756961779,0.19073547754784853,10.075577149070211
57,17,0.0672941610623209,0.18953420518833758,14.860130273024776
58,8,0.04151170082556631,0.07540384470365254,24.089593538988844
59,11,0.13428406646333524,0.3322424778608637,7.4468998916788
60,7,0.09926138261137434,0.17740615344856192,10.074411354062786
61,6,0.06168219246243163,0.09864610761224372,16.21213449261006
62,17,0.11959869749051938,0.25808673847705244,8.361295072459049
63,6,0.0738380047102716,0.11538304401302646,13.543161193532224
64,5,0.05695131825899097,0.110653275911098,17.558856064620223
65,5,0.08228241180100809,0.15266908811729238,12.153265541345597
66,16,0.10738353946901806,0.2667443132472511,9.31241422051018
67,9,0.14286562636759648,0.3294303931663855,6.999584332672
68,21,0.12378021464931964,0.28846968634815,8.07883556215417
69,18,0.15307504040066625,0.333182183506916,6.532743662079397
70,5,0.07001371121880408,0.11151159025739987,14.282916625785477
71,10,0.07698060679500038,0.18552302915220786,12.99028471759132
72,29,0.13017219838121788,0.32216071302847504,7.682131917841888
73,6,0.07327060995529626,0.16135541906654963,13.64803705892606
74,14,0.16382094500411007,0.37526715554692525,6.1042255614806225
75,17,0.21916598684859562,0.5229990399505614,4.562751795472811
76,7,0.103999517683476,0.2079745476579248,9.615429208465313
77,6,0.05544876833481754,0.11094343952817158,18.034665692873062
78,12,0.13276254246406904,0.280718642013213,7.532245025140587
79,10,0.08691592971220453,0.16042839336869272,11.505370802696278
80,9,0.06268637283636523,0.1251006427277673,15.952430404776685
81,13,0.06615424680259493,0.1390216763867411,15.116187521324397
82,6,0.030535168559209163,0.05283615274629298,32.74912329568287
83,7,0.06446039064972682,0.14097451322100332,15.513402725619969
84,5,0.09317113040205283,0.13146085998704507,10.73293836497198
85,14,0.10378568331489844,0.23125801470994012,9.635240315043047
86,23,0.11641551447730188,0.29661101203534374,8.589920376935456
87,8,0.08152954649370717,0.18643107944320306,12.26549199653876
88,5,0.034736951103083495,0.050882524639365184,28.78778845709441
89,13,0.07956889068142657,0.17232134108834418,12.567725796300762
90,6,0.04807869069299123,0.09447142161353252,20.799235286700043
91,5,0.08129613693967837,0.1304647960611237,12.300707483087404
92,8,0.04540954933634318,0.09893933595627112,22.021799701052256
93,11,0.04075156898084448,0.09163451848557456,24.53893248797503
94,25,0.06292393377150056,0.13878304116751494,15.892204127468569
95,12,0.06669660167768113,0.13958269021341885,14.99326764551833
96,16,0.09737604304411535,0.2138638506993417,10.26946637734046
97,11,0.07102645300310999,0.1619743563592927,14.079261426108575
98,8,0.11167840237889126,0.22496257370861927,8.954282821913054
99,8,0.07548475340366687,0.1537145747916257,13.247708376979642
100,25,0.20370066420159694,0.5928668270023355,4.909164159672683
101,9,0.06368403684065133,0.14579275662886626,15.702522164261918
102,13,0.09462541391698219,0.19080061244172192,10.56798547668527
103,5,0.07091549448318472,0.12527483382707133,14.101290659929292
104,7,0.029121811023268922,0.06580519508551441,34.33852376835285
105,11,0.11671737990150134,0.26913405163874865,8.56770431998994
106,28,0.11342004466615757,0.25789198360858634,8.81678369060263
107,10,0.08165574026156423,0.16328665086072675,12.246536456552155
108,6,0.053718298021642026,0.08702922328072253,18.615630740890563
109,6,0.05201600508414434,0.09186707904472657,19.224852012036248
110,12,0.09404354864678122,0.1835271566493803,10.633371606976535
111,15,0.13942191171608537,0.32113830836209273,7.172473735953142
112,8,0.07161091964273962,0.12840023486129123,13.964350758081439
113,6,0.05185965363521861,0.101921229628031,19.28281293650766
114,9,0.041288661563239834,0.09671396780382478,24.21972430538463
115,12,0.1242591621604451,0.3001618261523699,8.047696303543288
116,6,0.07850925684089058,0.12607387626193414,12.737351495080798
117,6,0.055328738113854775,0.0940604612812608,18.073790115043156
118,15,0.06792211695564745,0.14875146479296963,14.722744885189476
119,5,0.026555787196370712,0.04283549851831481,37.656575292057866
120,8,0.03265219949145116,0.058662906232776556,30.625808232667914
121,6,0.06695731790708491,0.12835507543742913,14.934887347006288
122,5,0.08085071067679395,0.1355711141245526,12.368475077449425
123,5,0.05673194489325143,0.11643278263722134,17.626753355303272
124,5,0.06268580136067109,0.1191759199482361,15.952575835257607
125,14,0.11150292224627238,0.25134085424257097,8.968374817938287
126,5,0.03884071830260918,0.05688920510444958,25.746176788208977
127,7,0.0640416324784061,0.15542658131295387,15.61484242827797
128,9,0.12628131499709333,0.2996270287651897,7.91882789645497
129,6,0.04549013793054261,0.08401055229442692,21.98278672020883
130,6,0.04151353646109896,0.06842001730315493,24.08852835115767
131,9,0.08427952148889727,0.1628934247402039,11.865278567483763
132,13,0.08982033864164106,0.21111115020435978,11.133335891659577
133,5,0.054089419253578463,0.11169747135837405,18.487904174231666
134,8,0.08145447476183623,0.1769538939725294,12.276796369062449
135,9,0.05825585204315458,0.13631604117395568,17.165657439174062
136,6,0.05623729671453988,0.10061256923153246,17.781793550212644
137,9,0.06391974790872795,0.1248516681443452,15.644617394735603
138,6,0.058668583172755286,0.10780598283915128,17.044897727552137
139,7,0.056385422547624194,0.10675445571837029,17.735080359739808
140,14,0.14164786439872928,0.35537668945373074,7.059760514179492
141,9,0.06556139783082855,0.13234658550552822,15.25287795999029
142,8,0.059680220055640346,0.11771407193803407,16.75597038797263
143,14,0.1108521751526045,0.2854638225021556,9.021022804679758
144,7,0.06294763391455536,0.1351199033268611,15.886220622007688
145,7,0.09731555594712199,0.2239642075200366,10.275849428876166
146,8,0.05354240424908833,0.10607500874201349,18.676785512802727
147,5,0.03461299299038851,0.0593932612234329,28.890885000256535
148,7,0.07653334504852674,0.15776173460884307,13.066200090508783
149,10,0.11709787117638244,0.223258170764362,8.539864900649798
150,7,0.050448429238868976,0.07780664459754541,19.822222715103496
151,5,0.03939297763230257,0.07302632261903011,25.385235138457563
152,14,0.07563802358632198,0.17037974924016336,13.220863695079881
153,8,0.05979291646969466,0.10861028437171662,16.724389092257077
154,5,0.04994303563641144,0.08686239751283754,20.02281173455425
155,5,0.03326103390732148,0.059473170508656734,30.065210924783617
156,8,0.0490980623616885,0.08310061808944579,20.36740253888931
157,19,0.08009805619910784,0.22378151020933684,12.484697475232093
158,5,0.07339951008399008,0.130493596652189,13.6240691369154
159,5,0.05880000966061679,0.11716874079172966,17.006799926935766
160,7,0.05648438081055283,0.12481478592169624,17.704009243793863
161,7,0.05841220512621644,0.12879758867945093,17.119709790774227
162,10,0.11683541137729071,0.24631530366910714,8.559048906591773
163,5,0.05348872947964188,0.09661975306663081,18.695527258328426
164,6,0.055648205621570156,0.10792799467590701,17.970031357352223
165,6,0.10232259520996348,0.2167424774152684,9.77301248026425
166,10,0.0757895575008978,0.1438537312905283,13.194429852531519
167,6,0.07110776248295618,0.1448547801871526,14.06316223548294
168,5,0.046026372358759546,0.07461402824563675,21.72667426851172
169,8,0.06852554242454685,0.13577000001670061,14.593098640570343
170,8,0.06706524099730768,0.12507205424154724,14.91085374672917
171,9,0.0648482764281844,0.125489783626712,15.42061030885594
172,21,0.1388692019708393,0.36450659812475705,7.201020714513696
173,14,0.0651615846157853,0.1557622277726084,15.346465342982947
174,7,0.03642413164424122,0.06922350078301183,27.454326427521117
175,6,0.11294366672439941,0.22024300540186464,8.853971444367568
176,6,0.04885789239794493,0.08539234905637384,20.46752225525926
177,5,0.05503257580814576,0.10108935061932639,18.171055694107324
178,10,0.08683843489447572,0.17884238930000645,11.515638221890795
179,6,0.04756472968922509,0.08551697175836563,21.023981562256868
180,14,0.0889416112177683,0.1698583107505372,11.243331285640407
181,6,0.04402278900972801,0.09339701259423475,22.715507638078616
182,13,0.0678248704280972,0.16447466147297113,14.743854189299547
183,5,0.09428436011951515,0.14517409588727886,10.606212936402144
184,12,0.07803850288967977,0.15714005333823403,12.814187394313088
185,14,0.09598638878330537,0.19784539324000072,10.418143787631763
186,15,0.1960235602801882,0.45286603241636414,5.101427596614612
187,15,0.059331541007281746,0.12908214618164943,16.85444171890412
188,9,0.04320649892044946,0.07873930509073218,23.144666311453992
189,19,0.10927964771432594,0.22047644719843443,9.15083477038795
190,11,0.11429240678121505,0.24435274967555087,8.749487635816928
191,6,0.07359016446493266,0.14731940336906074,13.588772457174247
192,15,0.11294011679341673,0.250266091302891,8.854249742180981
193,14,0.06642247554004717,0.1500295951851748,15.055144992256183
194,8,0.15999737192725458,0.30522266554441546,6.250102660777868
195,5,0.08085234530916355,0.14645987205493563,12.368225017792566
196,10,0.0778505043743723,0.14628560153987677,12.845131936347366
197,8,0.06035151787712773,0.11698550145783625,16.56959153928727
198,20,0.1283094201055331,0.2820585928294788,7.793660038191358
199,7,0.06970962170956392,0.11239774949259398,14.345222014923134
200,21,0.08778058472519763,0.2062547016842707,11.392040769955678
201,7,0.05951396996275727,0.10211587061677628,16.80277757685769
202,12,0.07128594376701565,0.15153467858303712,14.028010953580232
203,11,0.056682461380543454,0.13145576607761267,17.642141425129697
204,12,0.09864511756516695,0.26077689753921074,10.137349163169478
205,27,0.12843339894820582,0.33834255064776936,7.786136691774984
206,15,0.12853518225038155,0.3289888575453008,7.779971074783547
207,9,0.11840110064326353,0.27796380743854804,8.44586743338602
208,17,0.09680315298515205,0.2424352587234825,10.330242034093486
209,10,0.043794911965949375,0.08891884528399292,22.833702709061313
210,7,0.05786551793855745,0.11459945128092217,17.28144904987831
211,16,0.07606557352097046,0.18779290659354517,13.14655176726316
212,7,0.0778800932585477,0.14773975987802193,12.84025170180758
213,15,0.17953989438454637,0.43420777617156364,5.569792738421447
214,11,0.03694421597617116,0.10035081144287923,27.067836563238888
215,12,0.06091585213773071,0.14496041126303652,16.41608817584954
216,6,0.06898228812530684,0.12204684673099789,14.496474778909807
217,11,0.06969985268181382,0.13685562070691795,14.347232619918024
218,10,0.05858797158610045,0.137670009051305,17.068349917702943
219,6,0.06990341591296682,0.1386587821928747,14.305452558213306
220,6,0.0604838595871003,0.12540559421928338,16.533336444244956
221,5,0.03102766487530507,0.04503771953347911,32.22930259234237
222,12,0.06123900571400164,0.13532407460266757,16.32946172689673
223,12,0.04140053103512642,0.09284475708191899,24.154279546596797
224,16,0.09503294085775407,0.2662917633327541,10.522667098104504
225,18,0.08502155574287351,0.2265043856258017,11.761723144942803
226,18,0.056959390566825634,0.14527455934790476,17.556367616447453
227,9,0.07100220433374994,0.14002221527279693,14.084069774783927
228,5,0.0287475085327842,0.05639121702260647,34.785623208341036
229,7,0.04104994630924415,0.0803510127524934,24.36056779384404
230,5,0.06362532465045032,0.11725044410594619,15.717012140902646
231,5,0.0401886582855529,0.06677199458271638,24.88264208510494
232,8,0.06446927873946955,0.14181186674099844,15.511263962501529
233,14,0.04746167554029956,0.10650965165523159,21.069631204884523
234,12,0.07520340286579381,0.18968957305878395,13.297270627295628
235,7,0.05570800045677869,0.11329829220952824,17.950743013579434
236,22,0.1311973369448804,0.33383219230556044,7.622105930550461
237,5,0.036739443648525896,0.06294371332479226,27.21870286242408
238,11,0.09164356880532129,0.1935074336131281,10.911840438299636
239,6,0.035600680907000505,0.06409872194195147,28.089350386648373
240,17,0.10368741510085243,0.27986678372513496,9.644371971539089
241,10,0.07605061912574039,0.15454079490769113,13.14913687088625
242,10,0.06098477837256554,0.1300130087418669,16.39753437965854
243,11,0.13031406224451328,0.2728247548491817,7.673768914698258
244,9,0.051370928284535676,0.11417373321702366,19.466262989470497
245,6,0.03902132619238315,0.07791178368039106,25.627012138690382
246,17,0.06743991226076086,0.16306787839320266,14.82801454624428
247,8,0.056382892987377385,0.12113319120874912,17.735876025798696
248,11,0.07347504846486155,0.16837674786747686,13.610062475538706
249,7,0.0391351481737824,0.0717124784828687,25.552477674530046
250,5,0.03914140597645449,0.07389417971914601,25.548392426208448
251,28,0.17085578552645905,0.39836849993437223,5.8528893061402245
252,6,0.04357875174924552,0.09385287761809366,22.94696290876007
253,6,0.04897955158315326,0.086148450144344,20.416683445994526
254,9,0.060455800450046865,0.1337836580241003,16.54101000327132
255,6,0.04778135036393283,0.08528573049112197,20.928667615782533
256,26,0.10279720263339451,0.28364021406022566,9.72789117196407
257,7,0.04896632109837214,0.12113359415507026,20.4221999441417
258,8,0.04531009110202901,0.08404296151949438,22.070138807450324
259,6,0.06276143654663155,0.10878117985462935,15.933351035663486
260,6,0.03395307518649755,0.05920643947516597,29.452413205790553
261,7,0.05008464442357631,0.09349456000360457,19.96619945112899
262,5,0.018946789423311974,0.03086169187038763,52.779390621695946
263,8,0.05737256917187703,0.1092849479721591,17.429932360257304
264,13,0.12503909715264028,0.26286659395707584,7.9974985646230285
265,11,0.11105846216708408,0.24798553686783326,9.004266586147487
266,10,0.14692571016073477,0.27141554148916136,6.8061607386890515
267,12,0.12749578272450918,0.30723492217593273,7.84339668834995
268,7,0.08733566070293793,0.1916110913314114,11.450076543204768
269,7,0.0570638031929,0.11644567746972118,17.52424381213382
270,11,0.06398793132192668,0.11981580208379133,15.627947010334605
271,7,0.07790788690890307,0.16049436516781443,12.83567094008454
272,9,0.06790011977321034,0.12485904510679988,14.727514521919078
273,6,0.04864024670652883,0.08678303371588422,20.559106248648472
274,15,0.06356849093490755,0.1430467410124672,15.73106401131928
275,13,0.11426063038572778,0.2110440025737728,8.751920907701463
276,6,0.0323905834313901,0.07038800905707655,30.87317034959266
277,6,0.06105953537665027,0.1085550710624507,16.37745839092004
278,11,0.12349287615270312,0.24417545025505097,8.097633087462196
279,10,0.09389150651889062,0.17271819516620687,10.65059063461511
280,17,0.06918636326063474,0.153126672531606,14.453715340302823
281,8,0.034566416139545385,0.07104731097207244,28.929814301921784
282,11,0.051719333702999935,0.12102893180774914,19.335129213816533
283,13,0.04259198589255213,0.09593381424183138,23.478595304823894
284,5,0.05740496293330137,0.11964037751884543,17.42009660666268
285,5,0.04649856317044643,0.06886479380288328,21.506040871292562
286,28,0.1666242503037249,0.39049985788942493,6.001527377780765
287,6,0.10817800469418916,0.22877410501092502,9.244023337525244
288,7,0.09662810976930825,0.1708958005694335,10.348955416673457
289,11,0.10616016066784813,0.18907577198947642,9.419729526679795
290,20,0.1444391923040254,0.34323023745706355,6.923328662037463
291,10,0.08862968726439287,0.2167152769498935,11.282901145943136
292,5,0.05113910612632868,0.08745884502860136,19.554506829464422
293,9,0.04359550720404365,0.09693797492863257,22.93814349537482
294,11,0.09467177772274687,0.21636394581417479,10.562809995272003
295,5,0.073595767896839,0.1428939079280754,13.587737835709856
296,15,0.13185951776248467,0.28441776134143226,7.5838287365897665
297,17,0.13540762732021053,0.2766519326937848,7.385108356084038
298,14,0.09507600684520483,0.23788254769006126,10.51790071103975
299,7,0.09658382606390316,0.2120250762879151,10.353700414998738
300,9,0.09623895492503173,0.18644771077969163,10.390802776058619
301,6,0.08283129177924543,0.1687623401406449,12.072732158579765
302,10,0.11001906158451,0.25395136012020264,9.089334026284712
303,24,0.1370539149017297,0.39010471664467317,7.296398652435571
304,5,0.04624764921101719,0.07913855139495311,21.622720658454103
305,10,0.09129203371787196,0.21436349952506806,10.953858286150032
306,16,0.09081903773502333,0.21806019977829155,11.010907238608205
307,7,0.09591441981199483,0.2048022359958208,10.425960996898429
308,21,0.13313973312949157,0.35626015482519213,7.510905846772285
309,7,0.07100063782018434,0.1253917807991358,14.084380516870738
310,12,0.11165643167522274,0.21122294901874206,8.956044761565726
311,13,0.08630700746866563,0.21496464806445265,11.586544700475882
312,7,0.06472714714184606,0.1250198123476718,15.449468177680592
313,6,0.08310778224698236,0.18057927571358345,12.032567504065602
314,6,0.06241554832640185,0.10448556471975756,16.021648880988824
315,8,0.11123424752814944,0.21210107259295397,8.99003699150242
316,20,0.15342075668811203,0.3259814485434974,6.518022864617288
317,11,0.0965270967607043,0.2190403061620587,10.359785319961006
318,16,0.10273101744996553,0.24499544240702975,9.734158434545277
319,10,0.08638250145421258,0.20372007442913603,11.576418639949368
320,13,0.10925770270670651,0.20659560292609533,9.15267276563941
321,30,0.22159848443315686,0.4981161971392594,4.512666242090843
322,11,0.0919385466510441,0.1940855074249748,10.876830626826571
323,16,0.10082134977441373,0.21519745974769972,9.918534142197908
324,8,0.09957995885143833,0.2374370737313152,10.042181293646477
325,7,0.07775831318318123,0.12550187178246092,12.860361279239985
326,9,0.10860629618243577,0.23959697606031496,9.207569313663086
327,15,0.09041328947499241,0.17404695257709138,11.06032095289036
328,17,0.153805747266617,0.37977197386917666,6.501707626481176
329,13,0.08924333647722633,0.20540896382691792,11.205318396575034
330,20,0.10127409046112995,0.26734460871311394,9.874193838194088
331,6,0.0761074844871334,0.1305711861488373,13.13931220744864
332,6,0.11075123593564237,0.22862994538248319,9.029244608891776
333,10,0.12409445400400837,0.28417323876950096,8.05837785440193
334,27,0.15882850865830206,0.4176354785484892,6.296098908486033
335,5,0.03882349590420507,0.07546939152370814,25.757597988276153
336,5,0.059985706823538695,0.1003231198872453,16.67063793949653
337,5,0.05322105196108025,0.09003267524989834,18.789557198743175
338,8,0.061204859447287825,0.1471628628067382,16.33857195377177
339,9,0.10813892902896811,0.23907811110075397,9.247363636569041
340,12,0.053997298456445214,0.12853727113161423,18.519445020135784
341,9,0.09961136842915445,0.23499584734882292,10.039014780840196
342,22,0.13914519503254721,0.31058065741561913,7.186737564068179
343,6,0.10980382170746607,0.1963994175545476,9.10715113964021
344,8,0.07913760284537912,0.13198508520277905,12.636217980393255
345,5,0.062223740593201536,0.10513096065597445,16.071036399718764
346,11,0.08403394046610851,0.19251888774524764,11.899953690774588
347,18,0.08951927082488068,0.2338032221661514,11.170779104716114
348,5,0.04949755105575,0.0846993252349301,20.2030197185651
349,11,0.07908357221417527,0.18244659984418005,12.644851161904848
350,12,0.060882179636703,0.12112017040306888,16.425167527956688
351,7,0.08631069475469648,0.2044199857875312,11.586049710781483
352,6,0.060175347307607555,0.10424818905931525,16.618101012166104
353,21,0.1311343846769984,0.3549769352961673,7.625764992630532
354,8,0.09254508702432045,0.20447559360566303,10.805543893834194
355,9,0.10224258735589582,0.20149292651693712,9.780660152105735
356,8,0.08493710342853807,0.1612389049326207,11.773417736588478
357,13,0.09031617236241941,0.18268903825984606,11.072214132228885
358,11,0.07947667830336543,0.15365035413778352,12.582307430903981
359,7,0.06799992233609158,0.1350253955453832,14.705899148788307
360,8,0.07368814167034178,0.1478786732793212,13.570704557507968
361,8,0.061743293885992485,0.1307124130896572,16.196090896065183
362,6,0.055878665451941804,0.09669270166310971,17.89591773375557
363,5,0.052246458071353884,0.09888787296914099,19.140053448872703
364,21,0.11351502847290568,0.2837787332258615,8.80940623856413
365,6,0.0748699736247007,0.13514264549415897,13.356489278501433
366,10,0.06856041622465937,0.1672829953469636,14.585675745071198
367,22,0.09142038695609958,0.22942246747899026,10.93847918714459
368,9,0.06303304674438878,0.1118419200754766,15.864694023996552
369,8,0.06911916764430237,0.14224612769000755,14.467766816090007
370,11,0.07096583677231968,0.14155762086770987,14.091287378295965
371,18,0.10765593241131134,0.24187487546753533,9.288851785514149
372,13,0.07847232265865145,0.16651464207069938,12.743346521676475
373,7,0.06829179440655253,0.13951847901695685,14.643047655869633
374,7,0.04837443326194004,0.09807801080653208,20.67207680935827
375,7,0.08378784710139496,0.13018364943746946,11.934905055978593
376,27,0.09615608662709708,0.24628904812719898,10.39975767605955
377,7,0.07059546375330583,0.11087669271047831,14.165216103607962
378,6,0.06376590754898719,0.11335257508543051,15.682361287366062
379,8,0.07395734464998169,0.1750470937988661,13.521307514929115
380,11,0.08088241176565673,0.17725916049119836,12.36362737176202
381,21,0.10361431475601134,0.24040409207342944,9.651176117458071
382,6,0.04512332971943775,0.07987889899819264,22.161485116849224
383,5,0.03562283122706495,0.05831544734807615,28.07188439419256
384,22,0.06995404061086997,0.14999608743362686,14.295099915137891
385,5,0.04688508071148985,0.07844082877601032,21.32874647595383
386,7,0.05314563495949433,0.09568129191953557,18.81622076323227
387,13,0.06230523643424281,0.14137001928297788,16.05001533146261
388,11,0.08111851043222848,0.16412556677968068,12.327642540175377
389,6,0.06918438786246739,0.1144050808924996,14.454128032294134
390,7,0.03706503849573341,0.06252359037420144,26.97960235803103
391,29,0.11923301537995673,0.3406414911805793,8.386938775416576
392,9,0.08242222252302296,0.16446453308325826,12.132650265778388
393,14,0.0922381846979273,0.17847585736388896,10.841496970857788
394,6,0.04902371902400104,0.09212556056175503,20.398289234450367
395,7,0.06195732143387826,0.12192306013459375,16.1401425506623
396,11,0.08263469537929413,0.18574721079367187,12.101454424318858
397,5,0.034289663971026674,0.056387514755980306,29.16330707833585
398,12,0.0661931703947899,0.16479072795926153,15.107298744504773
399,10,0.06423759207148423,0.14693773598207072,15.567208666339642
400,5,0.05014349406514611,0.08512579631285357,19.942766626928837
401,5,0.06507291659779912,0.09325242838877287,15.367376356907009
402,9,0.09610166748502137,0.2092687261124156,10.405646709052808
403,9,0.04716545740274493,0.08911406901685409,21.201957005547925
404,6,0.03881263535439962,0.07299271149742104,25.764805478137795
405,11,0.04175626187566596,0.08671813619868579,23.948503890928126
406,5,0.019379384622034694,0.035060837971041106,51.60122570987021
407,15,0.05556901827501012,0.1332594228230019,17.9956391356604
408,5,0.06465592523982369,0.13652109222998532,15.46648657939346
409,6,0.03642332272093927,0.05618460505765195,27.454936158943944
410,7,0.02187718285973788,0.03633643209503111,45.70972443807518
411,9,0.09430430116000134,0.17034118411863816,10.603970208138763
412,9,0.07120342195804587,0.12502117477496819,14.044268835691845
413,5,0.07526960777427369,0.12013152958687219,13.285574743512731
414,10,0.09541427195843541,0.20094099320532308,10.480612380877593
415,10,0.11297399644616256,0.2623556521571311,8.851594450556126
416,17,0.0944258511671003,0.25313940210840097,10.590320210408846
417,5,0.048807379165309084,0.09710717446275216,20.488705132333184
418,11,0.08277062102300706,0.1827993242230985,12.081581455357673
419,11,0.07223395246294385,0.14858085621092593,13.843905336801303
420,6,0.04747300351403346,0.10072226823010162,21.064603584738233
421,10,0.07262059029984178,0.17910618707958506,13.770199276418975
422,6,0.06147478851526447,0.1096027834810616,16.266831072573684
423,7,0.05779629047442615,0.10248438690366415,17.302148490697384
424,5,0.05956581392663764,0.10766527894526728,16.788153037438867
425,12,0.10807750704725397,0.21097559043389505,9.252619044615612
426,10,0.07526763976767707,0.14096098543712532,13.285922118544228
427,5,0.05939883064925701,0.11369495392134682,16.835348256346666
428,9,0.06853102584622345,0.14318043519775078,14.59193099259738
429,5,0.042040545374073646,0.0739072243982506,23.786561071034505
430,8,0.05869364400724052,0.1019900991399149,17.03761994870584
431,11,0.07807770561587024,0.1708201420329994,12.807753405560343
432,17,0.1028804641774651,0.22286024070931015,9.720018353290435
433,10,0.05575220435740702,0.12344590920127842,17.936510520541308
434,16,0.051563959558056344,0.10987169718033082,19.393390433372183
435,5,0.050741279404488596,0.09019973884765536,19.70781997884625
436,23,0.11912785507161033,0.339067269651358,8.394342359298573
437,5,0.055713284814605635,0.08475857951023862,17.949040400824526
438,7,0.06370223060737196,0.13057843277965087,15.69803742295132
439,6,0.06596511856579032,0.10768677248861636,15.159527061300585
440,8,0.06179318575251881,0.13842382780419632,16.183014159603157
441,5,0.05476057568644717,0.08993419927512689,18.261312768621835
442,9,0.08421938140249435,0.1836008698671469,11.873751425706656
443,27,0.16623878103154338,0.44965030903467185,6.015443531255517
444,5,0.06336229472291541,0.11338055125503425,15.782256693401338
445,10,0.10205300910594624,0.20924516288982065,9.798829145369451
446,6,0.08005294872175163,0.14881536500828627,12.491732234321614
447,22,0.11375420628356762,0.29931028259149595,8.79088371912323
448,7,0.09272276055405368,0.18636887871130722,10.784838523191292
449,11,0.08894687626927947,0.21134448425617702,11.24266575672181
450,9,0.07614473106444891,0.17306338304254082,13.132885046945663
451,6,0.04123810288156111,0.09785416900364637,24.249418138173674
452,5,0.07241196540174946,0.13155433421584573,13.809872366423024
453,8,0.05986853914066061,0.11452101666437697,16.70326375678733
454,11,0.11166118933344524,0.21082276221812582,8.955663162549493
455,9,0.07790644278084076,0.15095540531132137,12.835908871017356
456,5,0.051333998918559554,0.10240302241494333,19.48026690043146
457,6,0.07525897040650814,0.14388736851504788,13.28745257340809
458,5,0.05192264064373592,0.07529179000862708,19.259421084945195
459,10,0.12484886237517659,0.3026513660557843,8.009684517548537
460,5,0.05149961922266144,0.08444873161286875,19.417619296881494
461,8,0.07895280480667022,0.14872847064746877,12.665794488855402
462,6,0.05352531089627866,0.09258845945382858,18.682749959879725
463,14,0.0911747285664631,0.20003122537443635,10.96795148966126
464,5,0.046062461059246065,0.07832356593062106,21.709652003044052
465,23,0.05672524544730393,0.1437268985781445,17.628835135300918
466,8,0.08446367850579128,0.17017380411620042,11.839408580002049
467,5,0.06004636326930166,0.09827812054470624,16.653797924698697
468,9,0.07067587861108852,0.1407155930986245,14.149098952172169
469,8,0.08440001079761474,0.1696303384286995,11.848339716424082
470,13,0.09021603655608676,0.1946143702625869,11.08450379970202
471,10,0.10742603884918031,0.22136895959523906,9.308730087348188
472,11,0.08098735138081939,0.16753250405822265,12.34760716272584
473,13,0.14646618901513436,0.336848198288293,6.827514300223036
474,14,0.1261052693898708,0.28621159268061264,7.929882746678652
475,14,0.1377351093333625,0.33612012235433003,7.2603129647915985
476,5,0.08634868263791001,0.1651572703607832,11.58095259186926
477,7,0.05419428973840807,0.09635210101536558,18.45212853285702
478,14,0.11752810211186313,0.2746407336086807,8.508603321512
479,5,0.03501229245853695,0.06378717757249898,28.56139743446513
480,6,0.06528906708527231,0.1009123316220771,15.316500061088737
481,16,0.12294535232968133,0.2815347172199974,8.133695020194603
482,7,0.0865417737085408,0.16934473342682474,11.555113295549546
483,5,0.0612304478332175,0.11665928451343399,16.331744016046542
484,5,0.022862243288794444,0.03336565699955873,43.740239633008095
485,12,0.0663260309627333,0.14108089561901635,15.077036654912629
486,13,0.09641756725444146,0.1996144596330606,10.37155394473962
487,10,0.10049453721218292,0.22027408866351897,9.95078964231272
488,12,0.09197925182730607,0.2272313253542281,10.872017114006661
489,15,0.11040789703488209,0.2715582796019052,9.057323134087607
490,11,0.06914424745303634,0.1500754089209124,14.462519108031552
491,9,0.09002213708018086,0.1883704766084629,11.10837881030663
492,13,0.09972729667772738,0.2067898930453531,10.027344902685357
493,15,0.0990989549452649,0.21620705871604268,10.090923769603098
494,11,0.08277165265759483,0.1836823901055342,12.081430875093728
495,7,0.1051266824787586,0.20333924900929737,9.51233289609472
496,8,0.06133270239110404,0.13445586932753664,16.304515552294404
497,5,0.050396738048471466,0.0930405610078993,19.842554076380942
498,10,0.09109148069663095,0.2086709915686667,10.977975024144989
499,23,0.13028272025217633,0.33181911991118196,7.675614986119354
500,9,0.06394375585137303,0.13902750707656403,15.638743559642306
501,12,0.08397035372209585,0.1768294935013186,11.908964958151191
502,10,0.07784554915925603,0.13753391289991226,12.845949586073381
503,20,0.09960622021901455,0.24962553412138855,10.039533653633237
504,6,0.0544531933795497,0.12597934602366667,18.364395877204096
505,8,0.09645857556615176,0.20706463876862366,10.367144591661477
506,7,0.041955428193006246,0.09827994838772529,23.834818116972404
507,15,0.10448798263747669,0.20169150629901267,9.570478582877053
508,7,0.04752740547252201,0.08667296531684031,21.040492113085165
509,5,0.06475047150067068,0.12334923353953388,15.443902983619852
510,21,0.08131236025604367,0.17425200904570276,12.298253264953939
511,5,0.04010308546478038,0.07303868646173095,24.9357371985312
512,11,0.07751927188638646,0.15994263671576334,12.900017965411449
513,5,0.0338323372703657,0.05816688809130149,29.557520428123553
514,5,0.038758029156219,0.07889413966514837,25.80110551982344
515,12,0.06206896621285107,0.11528349576060155,16.111110930553163
516,10,0.11884449500288446,0.2640538588010542,8.41435692899136
517,13,0.0881082411334974,0.21102460813799193,11.349676115822671
518,5,0.04754945491958507,0.08361831138808436,21.03073529846315
519,8,0.058434491072085884,0.10387710662990055,17.11318061735801
520,20,0.09112399391015105,0.227398339100459,10.974058061875642
521,12,0.0779535439480435,0.15532427413671598,12.828153145500426
522,10,0.0847091468375732,0.19330240286226152,11.805100598138058
523,5,0.019087104643190043,0.02942598052857861,52.391392968906004
524,6,0.048482911858752926,0.08564334438173692,20.62582385549237
525,5,0.04213275998915278,0.06645535080152556,23.734500190764937
526,29,0.08901096640956811,0.2361194999023489,11.234570753885292
527,6,0.0735851109717288,0.11501178669016864,13.589705672716825
528,12,0.06522388712910605,0.1537395660805041,15.331806244858896
529,7,0.03682506742505772,0.06990394677972483,27.15541531689219
530,7,0.05743645313452641,0.1203237173692597,17.410545836767145
531,17,0.06160517728513815,0.14525194285794454,16.232401951730825
532,11,0.08692652454697698,0.22980452984761104,11.503968497665845
533,5,0.06921324126138324,0.10670865860801815,14.4481024407383
534,11,0.059118946797918175,0.13701917059326682,16.91505099741077
535,13,0.0647232353947571,0.140041946952968,15.450401913638032
536,5,0.03750897502719125,0.059961292073496666,26.660285952230726
537,25,0.10255580561711283,0.26972468729524646,9.75078879233275
538,7,0.037592545721887236,0.0797999860846576,26.60101838800923
539,21,0.08123205325515356,0.17403736105252837,12.310411468474824
540,12,0.09475352834819376,0.22094360285124143,10.553696705892246
541,8,0.12505873971222398,0.23632210398375955,7.996242424169049
542,12,0.06569982061456754,0.13884897443811964,15.220741710492147
543,8,0.04328281831412528,0.08454516146934887,23.10385596294804
544,12,0.09823485561608991,0.20208538685896577,10.179686158526911
545,16,0.11002151711414368,0.27885616432517163,9.089131164793276
546,6,0.06697848510131414,0.13532648204766587,14.930167478218758
547,18,0.11409054425929935,0.25851677493095326,8.764968267021757
548,5,0.05468246089040231,0.10296289526595397,18.28739935468992
549,9,0.05480039533818601,0.10739558017507056,18.248043537437404
550,18,0.11637732565447671,0.2976897156295156,8.592739130034587
551,11,0.09006304450162261,0.22102362608024445,11.10333328762813
552,20,0.09639970586887546,0.23240482735812368,10.373475634461139
553,9,0.09242995363880997,0.18920901326285905,10.819003587383763
554,13,0.11451578875969967,0.2773671711133721,8.73242031366001
555,12,0.050273174427212915,0.10557033997165179,19.891323979308915
556,9,0.03947153210634005,0.09221469714805694,25.33471458128114
557,11,0.10248532109014095,0.22052611164481128,9.757494920862374
558,6,0.07585116640539177,0.12201839591723798,13.1837128865683
559,7,0.058279801576768306,0.11130797629405378,17.158603374494387
560,12,0.08578198158353859,0.16418760245822728,11.657459778148775
561,17,0.10998132233545076,0.21528244057693008,9.092452961694075
562,20,0.12455454760309362,0.30576463487971733,8.028610911795905
563,8,0.06387139975381519,0.12920748269861115,15.656459759053076
564,6,0.0636711783293597,0.1131325263733431,15.705693317424998
565,16,0.0943383109908444,0.2219822590568574,10.600147379117809
566,8,0.08817960649205513,0.20816505649445902,11.340490616615519
567,5,0.04725364155482415,0.08692140431140484,21.16239017980847
568,6,0.0647999358224174,0.12029202549582818,15.432114049317502
569,14,0.08197960076554983,0.1816079196099004,12.198156500662401
570,8,0.046579242953251845,0.0832794833523611,21.468790315111526
571,7,0.0607685776068801,0.09961333779471127,16.455873074224826
572,9,0.05411855624419691,0.09227027873039742,18.477950436958103
573,9,0.05110324304400931,0.09623463613185787,19.56822973326401
574,20,0.12458682364523509,0.2988560661480953,8.026530982502063
575,8,0.09254630151820045,0.18883309440199678,10.80540209165827
576,6,0.04790121421860223,0.1022469730464779,20.87629752841744
577,6,0.07452407867387018,0.13947296062220604,13.418481889271884
578,21,0.11239239309421648,0.292916296258355,8.89739930318699
579,22,0.10559435171159155,0.2426863232806822,9.470203507961171
580,7,0.07102632169876054,0.15601044110904913,14.079287454040447
581,15,0.08770291953866417,0.19811677730870397,11.402128974271445
582,8,0.07063855150900274,0.15556941492326987,14.156575674864342
583,8,0.07089704946244721,0.13032106888984998,14.104959340087637
584,21,0.16263873335671772,0.427815072244169,6.148596827833666
585,6,0.033085149080490386,0.06499130117963961,30.225041379356483
586,16,0.1239789069194616,0.31985614633912723,8.065888180879137
587,12,0.08610414834131395,0.2167369390739541,11.613842297539877
588,6,0.02839766332826,0.047765345000523936,35.21416492760683
589,9,0.06154618800785708,0.1415288494074831,16.247959985309546
590,7,0.05763264465610768,0.1262240549943498,17.35127731803687
591,7,0.0648890322106244,0.140251651557722,15.410924865608768
592,8,0.0367253273305494,0.06675878662545069,27.229165066370022
593,8,0.04099625971466996,0.07438826387637384,24.39246914132909
594,16,0.09218904970824099,0.2148683894140904,10.847275280142167
595,5,0.0450873179636595,0.08697396106390227,22.179185748107763
596,10,0.0698894181870983,0.13564210936337828,14.308317710170916
597,11,0.06330525831044283,0.1320270875880622,15.79647610149693
598,7,0.05503374031209297,0.11360862699613249,18.17067119786991
599,10,0.07343819774114607,0.1836545932899648,13.616891900381134
600,9,0.10328877092194534,0.22184175437788323,9.681594534179263
601,12,0.08161242617735845,0.15372362180171303,12.253036049030335
602,5,0.043084408702730385,0.07304105595863325,23.210252388507936
603,25,0.08802172551680815,0.1892607066842776,11.360831591617066
604,22,0.11569244555841773,0.2912504089780877,8.643606721020173
605,6,0.07038184932382398,0.1430589518784472,14.208208644803312
606,5,0.04971365637397112,0.07653543798429199,20.115197169918407
607,5,0.04463377687141577,0.06172824392202909,22.4045570438924
608,15,0.10111131306156751,0.2506696865431752,9.890090136512141
609,8,0.04299172420448364,0.08954350392422895,23.26029063741782
610,7,0.04383759331127759,0.06537838337208364,22.811471261647515
611,12,0.07181918337545971,0.1457602222130911,13.923856454509554
612,13,0.05702528775589465,0.1419053911073879,17.53607985777557
613,21,0.09639579201124795,0.22059076817971054,10.373896817853987
614,15,0.0955582873197557,0.2141605740474445,10.464817108471347
615,7,0.05376462291989416,0.12119616265126469,18.59959106362442
616,8,0.040122824342277943,0.0779315611751966,24.923469780423382
617,8,0.06680328574090093,0.13965536954714156,14.969323573073005
618,6,0.06631335629712971,0.11540679282777469,15.079918372994245
619,5,0.03604536705790594,0.05250470873626941,27.742816390065503
620,24,0.1154931895661181,0.27076239150638515,8.658519205823085
621,21,0.11635618626374207,0.2243621514180859,8.594300244022449
622,10,0.05598287755713043,0.11027227509124016,17.862604489729947
623,6,0.05410710994350265,0.10880238338093202,18.481859427424162
624,12,0.11346357128888891,0.2446974164193736,8.813401417217039
625,7,0.06304950654404823,0.13544664216454189,15.860552362949434
626,8,0.09427859521780871,0.21466681174436766,10.606861479954524
627,11,0.0998496312846999,0.25541319038828597,10.015059516331249
628,9,0.08576326664592876,0.17875246048619126,11.660003625193895
629,14,0.06966894841537845,0.1628544304683026,14.353596871275066
630,6,0.050519674051420695,0.09031669134984828,19.79426864437338
631,22,0.1186970817231045,0.29390173338112735,8.424806958041236
632,6,0.053583902710409144,0.08880955862476243,18.6623211340995
633,12,0.06862509079163405,0.1529174958409184,14.57192971935431
634,7,0.07523451247867788,0.14286240550734247,13.291772180798125
635,9,0.074834760889509,0.16978552928703294,13.362774038611098
636,19,0.09810090707269346,0.2100272399714055,10.19358566439139
637,12,0.07850350330552075,0.20811855442391317,12.73828501778054
638,8,0.056581388530771014,0.10600889089466256,17.6736560548733
639,8,0.0719648740851728,0.12599776729137147,13.895668028494944
640,10,0.07271296452154466,0.16455264187637922,13.752705677454571
641,5,0.05803380810443266,0.10760412369670816,17.231335193452853
642,7,0.06084965788015485,0.12508643504433462,16.43394613605764
643,13,0.1161799892846073,0.30341903690837335,8.607334241960462
644,12,0.09958578091068511,0.17404536796075776,10.041594200048136
645,12,0.08662593563626955,0.20506898510451096,11.543886858536952
646,7,0.04657041786502895,0.10264045287294833,21.472858648127538
647,6,0.07513471160075173,0.15360929564308162,13.309427542808255
648,9,0.06672799750032914,0.1307768456326001,14.986213245722944
649,17,0.10528052509146021,0.2558489129124079,9.498432869054094
650,6,0.043086800964725766,0.07785535151374263,23.208963710688998
651,11,0.07557622326212546,0.14829400821897645,13.231674683341097
652,21,0.09559357236882933,0.2568564671519419,10.460954384481973
653,5,0.04547404788920005,0.08028847763485501,21.990564869803396
654,6,0.05751428369632662,0.12001624409255401,17.386985210143006
655,5,0.05435584937430826,0.08667008507928962,18.397284036787735
656,19,0.132792430193094,0.3444512816106104,7.5305497349954065
657,20,0.09258626072620504,0.1897165983097984,10.80073859940394
658,5,0.05545942160635379,0.1011922778390229,18.031201390773855
659,14,0.0761518260756282,0.1553984776549388,13.131661465437166
660,6,0.051873797147482324,0.09096781890220527,19.277555432406487
661,12,0.07333593865828918,0.16424202533650692,13.635879192322436
662,11,0.055589367783425186,0.10442824943707264,17.989051501646422
663,15,0.07039065800426733,0.17009220177157552,14.206430630885372
664,8,0.056400366411356054,0.09929454914673616,17.73038126572619
665,5,0.03296520428035766,0.05010805184595291,30.335016021601017
666,15,0.09569239535018811,0.20420023095825973,10.450151198958718
667,5,0.05353202548295131,0.1067498128690326,18.680406559966173
668,5,0.029798883992057636,0.05856546727581042,33.55830373602355
669,9,0.06434573995756604,0.12958339674320404,15.541044374646528
670,8,0.037517602576115104,0.07326824873204715,26.654155152137353
671,8,0.049017188721124975,0.12279819582106365,20.40100679150188
672,6,0.02980729065622441,0.060030186025019895,33.54883915929401
673,7,0.03781485451622479,0.07282059281112979,26.44463433201737
674,5,0.04092094848942269,0.07875297580283373,24.4373612273059
675,8,0.040252791903187694,0.09277225932442765,24.84299728588039
